{
    "uuid": "d052aa56-2995-11ee-be56-0242ac120002",
    "name": "yubico-icons",
    "version": 20240626,
    "icons": [
        {
            "filename": "icons/AdGuard.svg",
            "category": "Accounts",
            "issuer": [
                "AdGuard"
            ]
        },
        {
            "filename": "icons/Amazon.svg",
            "category": "Accounts",
            "issuer": [
                "Amazon"
            ]
        },
        {
            "filename": "icons/Binance.svg",
            "category": "Accounts",
            "issuer": [
                "Binance"
            ]
        },
        {
            "filename": "icons/No-IP.svg",
            "category": "Accounts",
            "issuer": [
                "No-IP"
            ]
        },
        {
            "filename": "icons/GitHub.svg",
            "category": "Accounts",
            "issuer": [
                "GitHub"
            ]
        },
        {
            "filename": "icons/Cal.com.svg",
            "category": "Accounts",
            "issuer": [
                "Cal.com"
            ]
        },
        {
            "filename": "icons/deSEC.svg",
            "category": "Accounts",
            "issuer": [
                "deSEC"
            ]
        },
        {
            "filename": "icons/Grammarly.svg",
            "category": "Accounts",
            "issuer": [
                "Grammarly"
            ]
        },
        {
            "filename": "icons/ISNIC.svg",
            "category": "Accounts",
            "issuer": [
                "ISNIC"
            ]
        },
        {
            "filename": "icons/IVPN.svg",
            "category": "Accounts",
            "issuer": [
                "IVPN"
            ]
        },
        {
            "filename": "icons/JYU.svg",
            "category": "Accounts",
            "issuer": [
                "JYU"
            ]
        },
        {
            "filename": "icons/LinkedIn.svg",
            "category": "Accounts",
            "issuer": [
                "LinkedIn"
            ]
        },
        {
            "filename": "icons/Mintos.svg",
            "category": "Accounts",
            "issuer": [
                "Mintos"
            ]
        },
        {
            "filename": "icons/Monica.svg",
            "category": "Accounts",
            "issuer": [
                "Monica"
            ]
        },
        {
            "filename": "icons/PayPal.svg",
            "category": "Accounts",
            "issuer": [
                "PayPal"
            ]
        },
        {
            "filename": "icons/pCloud.svg",
            "category": "Accounts",
            "issuer": [
                "pCloud"
            ]
        },
        {
            "filename": "icons/Temu.svg",
            "category": "Accounts",
            "issuer": [
                "Temu"
            ]
        },
        {
            "filename": "icons/Runbox.svg",
            "category": "Accounts",
            "issuer": [
                "Runbox"
            ]
        },
        {
            "filename": "icons/Raspberry.svg",
            "category": "Accounts",
            "issuer": [
                "Raspberry"
            ]
        },
        {
            "filename": "icons/Notesnook.svg",
            "category": "Accounts",
            "issuer": [
                "Notesnook"
            ]
        },
        {
            "filename": "icons/eBay.svg",
            "category": "Accounts",
            "issuer": [
                "eBay"
            ]
        },
        {
            "filename": "icons/ORCID.svg",
            "category": "Accounts",
            "issuer": [
                "ORCID"
            ]
        },
        {
            "filename": "icons/OSF.svg",
            "category": "Accounts",
            "issuer": [
                "OSF"
            ]
        },
        {
            "filename": "icons/Lynx.svg",
            "category": "Accounts",
            "issuer": [
                "Lynx"
            ]
        },
        {
            "filename": "icons/Bookstack.svg",
            "category": "Accounts",
            "issuer": [
                "Bookstack"
            ]
        },
        {
            "filename": "icons/Strato.svg",
            "category": "Accounts",
            "issuer": [
                "Strato"
            ]
        },
        {
            "filename": "icons/Uber.svg",
            "category": "Accounts",
            "issuer": [
                "Uber"
            ]
        },
        {
            "filename": "icons/noyb.svg",
            "category": "Accounts",
            "issuer": [
                "noyb"
            ]
        }
    ]
}